{
  "project_info": {
    "project_number": "131169629010",
    "project_id": "teamsync-19256",
    "storage_bucket": "teamsync-19256.firebasestorage.app"
  },
  "client": [
    {
      "client_info": {
        "mobilesdk_app_id": "1:131169629010:android:97231db4661a14bfb3c08b",
        "android_client_info": {
          "package_name": "com.artificialinsightsllc.teamsync"
        }
      },
      "oauth_client": [],
      "api_key": [
        {
          "current_key": "AIzaSyCrr1QCOK_wQHct16pfvCkPvrK2Mj70IRI"
        }
      ],
      "services": {
        "appinvite_service": {
          "other_platform_oauth_client": []
        }
      }
    }
  ],
  "configuration_version": "1"
}